Metric,Processor A,Processor B,Difference
success_probability,0.59375,0.58349609375,-0.01025390625
std_error,0.010852593149850034,0.01089340222678198,4.0809076931946214e-05
depth,147.0,175.0,28.0
two_qubit_gates,45.0,45.0,0.0
swap_estimate,7.0,7.0,0.0
physical_qubits_used,3.0,3.0,0.0
total_ops,231.0,276.0,45.0
runtime_seconds,0.04901796700005434,0.027248307000263594,-0.021769659999790747
shots,2048.0,2048.0,0.0
seed,42.0,42.0,0.0
ideal_success_probability,0.95263671875,0.95263671875,0.0
baseline_two_qubit_gates,24.0,24.0,0.0
extra_two_qubit_gates,21.0,21.0,0.0
