asset_name,algorithm,usage,sensitivity,lifespan,vulnerability_score,risk_score,risk_level,HNDL,migration,migration_effort,phase
Customer Portal Certificate,RSA-2048,TLS/HTTPS,High,5-10 years,50,84,Critical,True,ML-KEM-768 (FIPS 203) in hybrid mode,Medium,Phase 1 (0-6 months)
Employee VPN,ECDH P-256,VPN,High,5-10 years,50,84,Critical,True,ML-KEM-768 (FIPS 203) in hybrid mode,Medium,Phase 1 (0-6 months)
Mobile App Code Signing,ECDSA P-256,Code Signing,Medium,5-10 years,50,78,High,False,ML-DSA (FIPS 204); SLH-DSA (FIPS 205) for long-lived firmware,High,Phase 1 (0-6 months)
Customer Database,AES-256,Database Encryption,Critical,10+ years,0,0,Safe,False,No action,None,Phase 3 (18-36 months)
Legacy Billing System,3DES,Database Encryption,High,5-10 years,40,74,High,False,AES-256-GCM,Low,Phase 1 (0-6 months)
Internal API Tokens,RSA-2048,API Tokens/JWT,Medium,Less than 1 year,50,62,High,False,ML-DSA (FIPS 204); SLH-DSA (FIPS 205) for long-lived firmware,High,Phase 1 (0-6 months)
Backup Archives,AES-128,Disk/File Encryption,Critical,10+ years,20,70,High,False,AES-256,Low,Phase 1 (0-6 months)
HR Contract Signing,RSA-3072,Digital Signatures,High,10+ years,50,93,Critical,False,ML-DSA (FIPS 204); SLH-DSA (FIPS 205) for long-lived firmware,High,Phase 1 (0-6 months)
File Integrity Checker,SHA-1,Hashing/Integrity,Low,1-5 years,40,53,Medium,False,SHA-256 or SHA-3,Low,Phase 2 (6-18 months)
Admin SSH Access,Ed25519,SSH,High,Less than 1 year,50,68,High,False,No action,None,Phase 1 (0-6 months)
